{
    "train": {
        "confusion_matrix": {
            "tp": 3902,
            "fp": 2730,
            "tn": 2270,
            "fn": 1098
        },
        "ratios": {
            "tpr": 78.03999999999999,
            "fpr": 54.6,
            "tnr": 45.4,
            "fnr": 21.959999999999997
        }
    },
    "test": {
        "confusion_matrix": {
            "tp": 3707,
            "fp": 2584,
            "tn": 2166,
            "fn": 1043
        },
        "ratios": {
            "tpr": 78.0421052631579,
            "fpr": 54.400000000000006,
            "tnr": 45.6,
            "fnr": 21.957894736842103
        }
    }
}