{
    "train": {
        "confusion_matrix": {
            "tp": 3441.0,
            "fp": 2209.0,
            "tn": 1791.0,
            "fn": 559.0
        },
        "ratios": {
            "tpr": 86.02499999999999,
            "fpr": 55.22500000000001,
            "tnr": 44.77499999999999,
            "fnr": 13.974999999999998
        }
    },
    "test": {
        "confusion_matrix": {
            "tp": 689.0,
            "fp": 449.0,
            "tn": 351.0,
            "fn": 111.0
        },
        "ratios": {
            "tpr": 86.125,
            "fpr": 56.125,
            "tnr": 43.875,
            "fnr": 13.875000000000004
        }
    }
}