{
    "train": {
        "confusion_matrix": {
            "tp": 2570.0,
            "fp": 1643.0,
            "tn": 1357.0,
            "fn": 430.0
        },
        "ratios": {
            "tpr": 85.66666666666666,
            "fpr": 54.766666666666666,
            "tnr": 45.23333333333334,
            "fnr": 14.333333333333334
        }
    },
    "test": {
        "confusion_matrix": {
            "tp": 519.0,
            "fp": 299.0,
            "tn": 301.0,
            "fn": 81.0
        },
        "ratios": {
            "tpr": 86.5,
            "fpr": 49.83333333333333,
            "tnr": 50.16666666666668,
            "fnr": 13.5
        }
    }
}