{
    "train": {
        "confusion_matrix": {
            "tp": 6504.8,
            "fp": 4149.4,
            "tn": 3350.6,
            "fn": 995.2
        },
        "ratios": {
            "tpr": 86.73066666666668,
            "fpr": 55.32533333333333,
            "tnr": 44.67466666666667,
            "fnr": 13.269333333333336
        }
    },
    "test": {
        "confusion_matrix": {
            "tp": 1299.6,
            "fp": 828.9,
            "tn": 671.1,
            "fn": 200.4
        },
        "ratios": {
            "tpr": 86.64,
            "fpr": 55.260000000000005,
            "tnr": 44.739999999999995,
            "fnr": 13.360000000000003
        }
    }
}