{
    "train": {
        "confusion_matrix": {
            "tp": 3876.0,
            "fp": 2481.0,
            "tn": 2019.0,
            "fn": 624.0
        },
        "ratios": {
            "tpr": 86.13333333333333,
            "fpr": 55.13333333333334,
            "tnr": 44.86666666666667,
            "fnr": 13.866666666666664
        }
    },
    "test": {
        "confusion_matrix": {
            "tp": 775.0,
            "fp": 510.0,
            "tn": 390.0,
            "fn": 125.0
        },
        "ratios": {
            "tpr": 86.1111111111111,
            "fpr": 56.66666666666667,
            "tnr": 43.33333333333333,
            "fnr": 13.88888888888889
        }
    }
}