{
    "train": {
        "confusion_matrix": {
            "tp": 2183.1,
            "fp": 1403.1,
            "tn": 1096.9,
            "fn": 316.9
        },
        "ratios": {
            "tpr": 87.32400000000003,
            "fpr": 56.124,
            "tnr": 43.876,
            "fnr": 12.676
        }
    },
    "test": {
        "confusion_matrix": {
            "tp": 434.9,
            "fp": 278.4,
            "tn": 221.6,
            "fn": 65.1
        },
        "ratios": {
            "tpr": 86.98,
            "fpr": 55.67999999999999,
            "tnr": 44.32000000000001,
            "fnr": 13.02
        }
    }
}