{
    "train": {
        "confusion_matrix": {
            "tp": 1738.0,
            "fp": 1152.0,
            "tn": 848.0,
            "fn": 262.0
        },
        "ratios": {
            "tpr": 86.89999999999999,
            "fpr": 57.60000000000001,
            "tnr": 42.39999999999999,
            "fnr": 13.099999999999998
        }
    },
    "test": {
        "confusion_matrix": {
            "tp": 349.0,
            "fp": 235.0,
            "tn": 165.0,
            "fn": 51.0
        },
        "ratios": {
            "tpr": 87.25,
            "fpr": 58.75,
            "tnr": 41.25,
            "fnr": 12.75
        }
    }
}