{
    "train": {
        "confusion_matrix": {
            "tp": 5648.0,
            "fp": 3637.0,
            "tn": 2863.0,
            "fn": 852.0
        },
        "ratios": {
            "tpr": 86.89230769230768,
            "fpr": 55.95384615384616,
            "tnr": 44.04615384615385,
            "fnr": 13.107692307692307
        }
    },
    "test": {
        "confusion_matrix": {
            "tp": 1121.0,
            "fp": 743.0,
            "tn": 557.0,
            "fn": 179.0
        },
        "ratios": {
            "tpr": 86.23076923076924,
            "fpr": 57.15384615384615,
            "tnr": 42.846153846153854,
            "fnr": 13.76923076923077
        }
    }
}