{
    "train": {
        "confusion_matrix": {
            "tp": 4300.0,
            "fp": 2713.0,
            "tn": 2287.0,
            "fn": 700.0
        },
        "ratios": {
            "tpr": 86.0,
            "fpr": 54.260000000000005,
            "tnr": 45.74,
            "fnr": 14.000000000000004
        }
    },
    "test": {
        "confusion_matrix": {
            "tp": 861.0,
            "fp": 530.0,
            "tn": 470.0,
            "fn": 139.0
        },
        "ratios": {
            "tpr": 86.10000000000001,
            "fpr": 53.0,
            "tnr": 47.0,
            "fnr": 13.900000000000002
        }
    }
}