{
    "train": {
        "confusion_matrix": {
            "tp": 876.0,
            "fp": 566.0,
            "tn": 434.0,
            "fn": 124.0
        },
        "ratios": {
            "tpr": 87.60000000000001,
            "fpr": 56.60000000000001,
            "tnr": 43.39999999999999,
            "fnr": 12.400000000000002
        }
    },
    "test": {
        "confusion_matrix": {
            "tp": 169.0,
            "fp": 109.0,
            "tn": 91.0,
            "fn": 31.0
        },
        "ratios": {
            "tpr": 84.5,
            "fpr": 54.500000000000014,
            "tnr": 45.5,
            "fnr": 15.5
        }
    }
}