{
    "train": {
        "confusion_matrix": {
            "tp": 4786.0,
            "fp": 3086.0,
            "tn": 2414.0,
            "fn": 714.0
        },
        "ratios": {
            "tpr": 87.01818181818182,
            "fpr": 56.10909090909091,
            "tnr": 43.89090909090908,
            "fnr": 12.98181818181818
        }
    },
    "test": {
        "confusion_matrix": {
            "tp": 956.0,
            "fp": 618.0,
            "tn": 482.0,
            "fn": 144.0
        },
        "ratios": {
            "tpr": 86.90909090909089,
            "fpr": 56.18181818181817,
            "tnr": 43.81818181818182,
            "fnr": 13.09090909090909
        }
    }
}