{
    "train": {
        "confusion_matrix": {
            "tp": 3491.5,
            "fp": 2227.7,
            "tn": 1772.3,
            "fn": 508.5
        },
        "ratios": {
            "tpr": 87.28750000000001,
            "fpr": 55.692499999999995,
            "tnr": 44.3075,
            "fnr": 12.7125
        }
    },
    "test": {
        "confusion_matrix": {
            "tp": 690.1,
            "fp": 446.6,
            "tn": 353.4,
            "fn": 109.9
        },
        "ratios": {
            "tpr": 86.2625,
            "fpr": 55.825,
            "tnr": 44.175,
            "fnr": 13.7375
        }
    }
}