{
    "train": {
        "confusion_matrix": {
            "tp": 4347.8,
            "fp": 2788.9,
            "tn": 2211.1,
            "fn": 652.2
        },
        "ratios": {
            "tpr": 86.95599999999999,
            "fpr": 55.778,
            "tnr": 44.222,
            "fnr": 13.044
        }
    },
    "test": {
        "confusion_matrix": {
            "tp": 868.2,
            "fp": 543.3,
            "tn": 456.7,
            "fn": 131.8
        },
        "ratios": {
            "tpr": 86.82000000000001,
            "fpr": 54.330000000000005,
            "tnr": 45.669999999999995,
            "fnr": 13.180000000000001
        }
    }
}