{
    "train": {
        "confusion_matrix": {
            "tp": 5224.0,
            "fp": 3329.0,
            "tn": 2671.0,
            "fn": 776.0
        },
        "ratios": {
            "tpr": 87.06666666666665,
            "fpr": 55.483333333333334,
            "tnr": 44.51666666666666,
            "fnr": 12.933333333333334
        }
    },
    "test": {
        "confusion_matrix": {
            "tp": 1041.0,
            "fp": 680.0,
            "tn": 520.0,
            "fn": 159.0
        },
        "ratios": {
            "tpr": 86.75,
            "fpr": 56.66666666666667,
            "tnr": 43.33333333333333,
            "fnr": 13.25
        }
    }
}