{
    "train": {
        "confusion_matrix": {
            "tp": 6950.0,
            "fp": 4417.0,
            "tn": 3583.0,
            "fn": 1050.0
        },
        "ratios": {
            "tpr": 86.875,
            "fpr": 55.21249999999999,
            "tnr": 44.78750000000001,
            "fnr": 13.125
        }
    },
    "test": {
        "confusion_matrix": {
            "tp": 1375.0,
            "fp": 906.0,
            "tn": 694.0,
            "fn": 225.0
        },
        "ratios": {
            "tpr": 85.9375,
            "fpr": 56.625,
            "tnr": 43.375,
            "fnr": 14.0625
        }
    }
}