{
    "train": {
        "confusion_matrix": {
            "tp": 2608.2,
            "fp": 1677.7,
            "tn": 1322.3,
            "fn": 391.8
        },
        "ratios": {
            "tpr": 86.93999999999998,
            "fpr": 55.92333333333333,
            "tnr": 44.07666666666667,
            "fnr": 13.059999999999999
        }
    },
    "test": {
        "confusion_matrix": {
            "tp": 520.9,
            "fp": 337.7,
            "tn": 262.3,
            "fn": 79.1
        },
        "ratios": {
            "tpr": 86.81666666666666,
            "fpr": 56.28333333333334,
            "tnr": 43.71666666666667,
            "fnr": 13.183333333333334
        }
    }
}