{
    "train": {
        "confusion_matrix": {
            "tp": 4767.0,
            "fp": 3059.7,
            "tn": 2440.3,
            "fn": 733.0
        },
        "ratios": {
            "tpr": 86.67272727272727,
            "fpr": 55.630909090909086,
            "tnr": 44.36909090909091,
            "fnr": 13.327272727272728
        }
    },
    "test": {
        "confusion_matrix": {
            "tp": 952.1,
            "fp": 609.1,
            "tn": 490.9,
            "fn": 147.9
        },
        "ratios": {
            "tpr": 86.55454545454546,
            "fpr": 55.372727272727275,
            "tnr": 44.62727272727273,
            "fnr": 13.445454545454544
        }
    }
}