{
    "train": {
        "confusion_matrix": {
            "tp": 454.0,
            "fp": 309.0,
            "tn": 191.0,
            "fn": 46.0
        },
        "ratios": {
            "tpr": 90.79999999999998,
            "fpr": 61.8,
            "tnr": 38.199999999999996,
            "fnr": 9.200000000000001
        }
    },
    "test": {
        "confusion_matrix": {
            "tp": 89.0,
            "fp": 74.0,
            "tn": 26.0,
            "fn": 11.0
        },
        "ratios": {
            "tpr": 89.0,
            "fpr": 74.0,
            "tnr": 26.0,
            "fnr": 11.0
        }
    }
}