{
    "train": {
        "confusion_matrix": {
            "tp": 6517.0,
            "fp": 4148.0,
            "tn": 3352.0,
            "fn": 983.0
        },
        "ratios": {
            "tpr": 86.89333333333333,
            "fpr": 55.30666666666667,
            "tnr": 44.693333333333335,
            "fnr": 13.106666666666666
        }
    },
    "test": {
        "confusion_matrix": {
            "tp": 1290.0,
            "fp": 830.0,
            "tn": 670.0,
            "fn": 210.0
        },
        "ratios": {
            "tpr": 86.0,
            "fpr": 55.33333333333333,
            "tnr": 44.66666666666667,
            "fnr": 14.000000000000004
        }
    }
}