{
    "train": {
        "confusion_matrix": {
            "tp": 6064.3,
            "fp": 3856.3,
            "tn": 3143.7,
            "fn": 935.7
        },
        "ratios": {
            "tpr": 86.63285714285715,
            "fpr": 55.089999999999996,
            "tnr": 44.910000000000004,
            "fnr": 13.367142857142857
        }
    },
    "test": {
        "confusion_matrix": {
            "tp": 1222.1,
            "fp": 768.6,
            "tn": 631.4,
            "fn": 177.9
        },
        "ratios": {
            "tpr": 87.29285714285714,
            "fpr": 54.9,
            "tnr": 45.099999999999994,
            "fnr": 12.707142857142857
        }
    }
}