{
    "train": {
        "confusion_matrix": {
            "tp": 6085.0,
            "fp": 3857.0,
            "tn": 3143.0,
            "fn": 915.0
        },
        "ratios": {
            "tpr": 86.92857142857143,
            "fpr": 55.10000000000001,
            "tnr": 44.89999999999999,
            "fnr": 13.071428571428573
        }
    },
    "test": {
        "confusion_matrix": {
            "tp": 1206.0,
            "fp": 767.0,
            "tn": 633.0,
            "fn": 194.0
        },
        "ratios": {
            "tpr": 86.14285714285712,
            "fpr": 54.78571428571429,
            "tnr": 45.214285714285715,
            "fnr": 13.857142857142858
        }
    }
}