{
    "train": {
        "confusion_matrix": {
            "tp": 2171.0,
            "fp": 1377.0,
            "tn": 1123.0,
            "fn": 329.0
        },
        "ratios": {
            "tpr": 86.84,
            "fpr": 55.08,
            "tnr": 44.92000000000001,
            "fnr": 13.16
        }
    },
    "test": {
        "confusion_matrix": {
            "tp": 430.0,
            "fp": 266.0,
            "tn": 234.0,
            "fn": 70.0
        },
        "ratios": {
            "tpr": 86.0,
            "fpr": 53.2,
            "tnr": 46.800000000000004,
            "fnr": 14.000000000000004
        }
    }
}