{
    "train": {
        "confusion_matrix": {
            "tp": 6946.1,
            "fp": 4441.7,
            "tn": 3558.3,
            "fn": 1053.9
        },
        "ratios": {
            "tpr": 86.82625,
            "fpr": 55.521249999999995,
            "tnr": 44.47875,
            "fnr": 13.173749999999998
        }
    },
    "test": {
        "confusion_matrix": {
            "tp": 1387.0,
            "fp": 882.8,
            "tn": 717.2,
            "fn": 213.0
        },
        "ratios": {
            "tpr": 86.6875,
            "fpr": 55.175,
            "tnr": 44.825,
            "fnr": 13.3125
        }
    }
}