{
    "train": {
        "confusion_matrix": {
            "tp": 1306.5,
            "fp": 829.9,
            "tn": 670.1,
            "fn": 193.5
        },
        "ratios": {
            "tpr": 87.1,
            "fpr": 55.326666666666675,
            "tnr": 44.67333333333334,
            "fnr": 12.9
        }
    },
    "test": {
        "confusion_matrix": {
            "tp": 263.1,
            "fp": 168.6,
            "tn": 131.4,
            "fn": 36.9
        },
        "ratios": {
            "tpr": 87.70000000000002,
            "fpr": 56.2,
            "tnr": 43.800000000000004,
            "fnr": 12.3
        }
    }
}