{
    "train": {
        "confusion_matrix": {
            "tp": 3046.6,
            "fp": 1933.1,
            "tn": 1566.9,
            "fn": 453.4
        },
        "ratios": {
            "tpr": 87.0457142857143,
            "fpr": 55.231428571428566,
            "tnr": 44.768571428571434,
            "fnr": 12.954285714285714
        }
    },
    "test": {
        "confusion_matrix": {
            "tp": 607.6,
            "fp": 388.2,
            "tn": 311.8,
            "fn": 92.4
        },
        "ratios": {
            "tpr": 86.8,
            "fpr": 55.457142857142856,
            "tnr": 44.54285714285714,
            "fnr": 13.200000000000003
        }
    }
}