{
    "train": {
        "confusion_matrix": {
            "tp": 5217.7,
            "fp": 3333.7,
            "tn": 2666.3,
            "fn": 782.3
        },
        "ratios": {
            "tpr": 86.96166666666667,
            "fpr": 55.56166666666665,
            "tnr": 44.43833333333333,
            "fnr": 13.038333333333336
        }
    },
    "test": {
        "confusion_matrix": {
            "tp": 1043.1,
            "fp": 669.4,
            "tn": 530.6,
            "fn": 156.9
        },
        "ratios": {
            "tpr": 86.925,
            "fpr": 55.78333333333334,
            "tnr": 44.21666666666666,
            "fnr": 13.075
        }
    }
}