{
    "train": {
        "confusion_matrix": {
            "tp": 5630.5,
            "fp": 3596.0,
            "tn": 2904.0,
            "fn": 869.5
        },
        "ratios": {
            "tpr": 86.62307692307692,
            "fpr": 55.323076923076925,
            "tnr": 44.676923076923075,
            "fnr": 13.376923076923074
        }
    },
    "test": {
        "confusion_matrix": {
            "tp": 1128.8,
            "fp": 734.1,
            "tn": 565.9,
            "fn": 171.2
        },
        "ratios": {
            "tpr": 86.83076923076923,
            "fpr": 56.469230769230776,
            "tnr": 43.530769230769224,
            "fnr": 13.169230769230769
        }
    }
}