{
    "train": {
        "confusion_matrix": {
            "tp": 3916.5,
            "fp": 2506.2,
            "tn": 1993.8,
            "fn": 583.5
        },
        "ratios": {
            "tpr": 87.03333333333335,
            "fpr": 55.69333333333334,
            "tnr": 44.306666666666665,
            "fnr": 12.966666666666665
        }
    },
    "test": {
        "confusion_matrix": {
            "tp": 784.1,
            "fp": 504.8,
            "tn": 395.2,
            "fn": 115.9
        },
        "ratios": {
            "tpr": 87.12222222222222,
            "fpr": 56.08888888888888,
            "tnr": 43.91111111111112,
            "fnr": 12.877777777777776
        }
    }
}