{
    "train": {
        "confusion_matrix": {
            "tp": 877.1,
            "fp": 569.5,
            "tn": 430.5,
            "fn": 122.9
        },
        "ratios": {
            "tpr": 87.71,
            "fpr": 56.95,
            "tnr": 43.050000000000004,
            "fnr": 12.290000000000001
        }
    },
    "test": {
        "confusion_matrix": {
            "tp": 174.4,
            "fp": 111.8,
            "tn": 88.2,
            "fn": 25.6
        },
        "ratios": {
            "tpr": 87.2,
            "fpr": 55.9,
            "tnr": 44.1,
            "fnr": 12.8
        }
    }
}