{
    "train": {
        "confusion_matrix": {
            "tp": 1318.0,
            "fp": 834.0,
            "tn": 666.0,
            "fn": 182.0
        },
        "ratios": {
            "tpr": 87.86666666666667,
            "fpr": 55.60000000000001,
            "tnr": 44.39999999999999,
            "fnr": 12.133333333333331
        }
    },
    "test": {
        "confusion_matrix": {
            "tp": 265.0,
            "fp": 181.0,
            "tn": 119.0,
            "fn": 35.0
        },
        "ratios": {
            "tpr": 88.33333333333334,
            "fpr": 60.333333333333336,
            "tnr": 39.66666666666667,
            "fnr": 11.666666666666668
        }
    }
}