{
    "train": {
        "confusion_matrix": {
            "tp": 1754.3,
            "fp": 1135.9,
            "tn": 864.1,
            "fn": 245.7
        },
        "ratios": {
            "tpr": 87.71499999999999,
            "fpr": 56.794999999999995,
            "tnr": 43.205,
            "fnr": 12.285
        }
    },
    "test": {
        "confusion_matrix": {
            "tp": 350.2,
            "fp": 221.7,
            "tn": 178.3,
            "fn": 49.8
        },
        "ratios": {
            "tpr": 87.55,
            "fpr": 55.425,
            "tnr": 44.575,
            "fnr": 12.45
        }
    }
}