{
    "train": {
        "confusion_matrix": {
            "tp": 3024.0,
            "fp": 1941.0,
            "tn": 1559.0,
            "fn": 476.0
        },
        "ratios": {
            "tpr": 86.39999999999999,
            "fpr": 55.45714285714287,
            "tnr": 44.542857142857144,
            "fnr": 13.599999999999998
        }
    },
    "test": {
        "confusion_matrix": {
            "tp": 606.0,
            "fp": 390.0,
            "tn": 310.0,
            "fn": 94.0
        },
        "ratios": {
            "tpr": 86.57142857142857,
            "fpr": 55.71428571428571,
            "tnr": 44.285714285714285,
            "fnr": 13.428571428571427
        }
    }
}