{
    "train": {
        "confusion_matrix": {
            "tp": 6240,
            "fp": 4363,
            "tn": 3637,
            "fn": 1760
        },
        "ratios": {
            "tpr": 78.0,
            "fpr": 54.53750000000001,
            "tnr": 45.4625,
            "fnr": 22.0
        }
    },
    "test": {
        "confusion_matrix": {
            "tp": 5923,
            "fp": 4150,
            "tn": 3450,
            "fn": 1677
        },
        "ratios": {
            "tpr": 77.9342105263158,
            "fpr": 54.60526315789473,
            "tnr": 45.39473684210527,
            "fnr": 22.065789473684212
        }
    }
}