{
    "train": {
        "confusion_matrix": {
            "tp": 4732.1,
            "fp": 4550.5,
            "tn": 1949.5,
            "fn": 1767.9
        },
        "ratios": {
            "tpr": 72.80153846153846,
            "fpr": 70.00769230769231,
            "tnr": 29.992307692307698,
            "fnr": 27.198461538461537
        }
    },
    "test": {
        "confusion_matrix": {
            "tp": 931.6,
            "fp": 929.7,
            "tn": 370.3,
            "fn": 368.4
        },
        "ratios": {
            "tpr": 71.66153846153847,
            "fpr": 71.51538461538462,
            "tnr": 28.484615384615388,
            "fnr": 28.338461538461537
        }
    }
}