{
    "train": {
        "confusion_matrix": {
            "tp": 303.8,
            "fp": 266.7,
            "tn": 233.3,
            "fn": 196.2
        },
        "ratios": {
            "tpr": 60.760000000000005,
            "fpr": 53.339999999999996,
            "tnr": 46.660000000000004,
            "fnr": 39.24000000000001
        }
    },
    "test": {
        "confusion_matrix": {
            "tp": 56.7,
            "fp": 59.0,
            "tn": 41.0,
            "fn": 43.3
        },
        "ratios": {
            "tpr": 56.7,
            "fpr": 59.0,
            "tnr": 41.0,
            "fnr": 43.3
        }
    }
}