{
    "train": {
        "confusion_matrix": {
            "tp": 2062.1,
            "fp": 1966.2,
            "tn": 1033.8,
            "fn": 937.9
        },
        "ratios": {
            "tpr": 68.73666666666665,
            "fpr": 65.53999999999999,
            "tnr": 34.46,
            "fnr": 31.263333333333332
        }
    },
    "test": {
        "confusion_matrix": {
            "tp": 401.8,
            "fp": 399.5,
            "tn": 200.5,
            "fn": 198.2
        },
        "ratios": {
            "tpr": 66.96666666666667,
            "fpr": 66.58333333333333,
            "tnr": 33.416666666666664,
            "fnr": 33.03333333333333
        }
    }
}