{
    "train": {
        "confusion_matrix": {
            "tp": 1623.6,
            "fp": 1524.2,
            "tn": 975.8,
            "fn": 876.4
        },
        "ratios": {
            "tpr": 64.94399999999999,
            "fpr": 60.968,
            "tnr": 39.032,
            "fnr": 35.056
        }
    },
    "test": {
        "confusion_matrix": {
            "tp": 317.0,
            "fp": 310.3,
            "tn": 189.7,
            "fn": 183.0
        },
        "ratios": {
            "tpr": 63.40000000000001,
            "fpr": 62.06,
            "tnr": 37.94,
            "fnr": 36.6
        }
    }
}