{
    "train": {
        "confusion_matrix": {
            "tp": 3678.7,
            "fp": 3547.7,
            "tn": 1452.3,
            "fn": 1321.3
        },
        "ratios": {
            "tpr": 73.57399999999998,
            "fpr": 70.954,
            "tnr": 29.046000000000003,
            "fnr": 26.426
        }
    },
    "test": {
        "confusion_matrix": {
            "tp": 724.3,
            "fp": 726.5,
            "tn": 273.5,
            "fn": 275.7
        },
        "ratios": {
            "tpr": 72.43,
            "fpr": 72.65,
            "tnr": 27.35,
            "fnr": 27.57
        }
    }
}