{
    "train": {
        "confusion_matrix": {
            "tp": 3265.0,
            "fp": 3128.8,
            "tn": 1371.2,
            "fn": 1235.0
        },
        "ratios": {
            "tpr": 72.55555555555556,
            "fpr": 69.52888888888889,
            "tnr": 30.47111111111111,
            "fnr": 27.444444444444446
        }
    },
    "test": {
        "confusion_matrix": {
            "tp": 641.4,
            "fp": 633.4,
            "tn": 266.6,
            "fn": 258.6
        },
        "ratios": {
            "tpr": 71.26666666666668,
            "fpr": 70.37777777777777,
            "tnr": 29.622222222222216,
            "fnr": 28.733333333333338
        }
    }
}