{
    "train": {
        "confusion_matrix": {
            "tp": 5639.0,
            "fp": 5451.7,
            "tn": 2048.3,
            "fn": 1861.0
        },
        "ratios": {
            "tpr": 75.18666666666667,
            "fpr": 72.68933333333332,
            "tnr": 27.310666666666663,
            "fnr": 24.813333333333336
        }
    },
    "test": {
        "confusion_matrix": {
            "tp": 1116.4,
            "fp": 1101.6,
            "tn": 398.4,
            "fn": 383.6
        },
        "ratios": {
            "tpr": 74.42666666666665,
            "fpr": 73.44000000000001,
            "tnr": 26.559999999999995,
            "fnr": 25.573333333333334
        }
    }
}