{
    "train": {
        "confusion_matrix": {
            "tp": 5689.0,
            "fp": 5476.3,
            "tn": 2523.7,
            "fn": 2311.0
        },
        "ratios": {
            "tpr": 71.1125,
            "fpr": 68.45375,
            "tnr": 31.546249999999997,
            "fnr": 28.8875
        }
    },
    "test": {
        "confusion_matrix": {
            "tp": 1124.4,
            "fp": 1109.7,
            "tn": 490.3,
            "fn": 475.6
        },
        "ratios": {
            "tpr": 70.275,
            "fpr": 69.35625,
            "tnr": 30.64375,
            "fnr": 29.725
        }
    }
}