{
    "train": {
        "confusion_matrix": {
            "tp": 4088.3,
            "fp": 3932.6,
            "tn": 2067.4,
            "fn": 1911.7
        },
        "ratios": {
            "tpr": 68.13833333333334,
            "fpr": 65.54333333333332,
            "tnr": 34.45666666666666,
            "fnr": 31.861666666666668
        }
    },
    "test": {
        "confusion_matrix": {
            "tp": 810.4,
            "fp": 801.8,
            "tn": 398.2,
            "fn": 389.6
        },
        "ratios": {
            "tpr": 67.53333333333333,
            "fpr": 66.81666666666666,
            "tnr": 33.18333333333333,
            "fnr": 32.46666666666667
        }
    }
}