{
    "train": {
        "confusion_matrix": {
            "tp": 4901.9,
            "fp": 4710.0,
            "tn": 2290.0,
            "fn": 2098.1
        },
        "ratios": {
            "tpr": 70.02714285714288,
            "fpr": 67.28571428571429,
            "tnr": 32.71428571428571,
            "fnr": 29.97285714285714
        }
    },
    "test": {
        "confusion_matrix": {
            "tp": 966.4,
            "fp": 946.1,
            "tn": 453.9,
            "fn": 433.6
        },
        "ratios": {
            "tpr": 69.02857142857142,
            "fpr": 67.57857142857142,
            "tnr": 32.42142857142857,
            "fnr": 30.97142857142857
        }
    }
}