{
    "train": {
        "confusion_matrix": {
            "tp": 933.0,
            "fp": 878.3,
            "tn": 621.7,
            "fn": 567.0
        },
        "ratios": {
            "tpr": 62.2,
            "fpr": 58.55333333333334,
            "tnr": 41.44666666666667,
            "fnr": 37.8
        }
    },
    "test": {
        "confusion_matrix": {
            "tp": 184.0,
            "fp": 179.6,
            "tn": 120.4,
            "fn": 116.0
        },
        "ratios": {
            "tpr": 61.33333333333333,
            "fpr": 59.86666666666666,
            "tnr": 40.13333333333333,
            "fnr": 38.66666666666667
        }
    }
}