{
    "train": {
        "confusion_matrix": {
            "tp": 2379.4,
            "fp": 2255.5,
            "tn": 1244.5,
            "fn": 1120.6
        },
        "ratios": {
            "tpr": 67.98285714285716,
            "fpr": 64.44285714285715,
            "tnr": 35.55714285714286,
            "fnr": 32.017142857142865
        }
    },
    "test": {
        "confusion_matrix": {
            "tp": 458.6,
            "fp": 453.8,
            "tn": 246.2,
            "fn": 241.4
        },
        "ratios": {
            "tpr": 65.5142857142857,
            "fpr": 64.82857142857145,
            "tnr": 35.171428571428564,
            "fnr": 34.48571428571429
        }
    }
}