{
    "train": {
        "confusion_matrix": {
            "tp": 4071.2,
            "fp": 3933.4,
            "tn": 1566.6,
            "fn": 1428.8
        },
        "ratios": {
            "tpr": 74.02181818181818,
            "fpr": 71.51636363636364,
            "tnr": 28.48363636363636,
            "fnr": 25.978181818181817
        }
    },
    "test": {
        "confusion_matrix": {
            "tp": 815.1,
            "fp": 801.4,
            "tn": 298.6,
            "fn": 284.9
        },
        "ratios": {
            "tpr": 74.1,
            "fpr": 72.85454545454546,
            "tnr": 27.145454545454545,
            "fnr": 25.9
        }
    }
}