{
    "train": {
        "confusion_matrix": {
            "tp": 7452,
            "fp": 5626,
            "tn": 2374,
            "fn": 548
        },
        "ratios": {
            "tpr": 93.15,
            "fpr": 70.325,
            "tnr": 29.675,
            "fnr": 6.8500000000000005
        }
    },
    "test": {
        "confusion_matrix": {
            "tp": 7082,
            "fp": 5348,
            "tn": 2252,
            "fn": 518
        },
        "ratios": {
            "tpr": 93.1842105263158,
            "fpr": 70.36842105263158,
            "tnr": 29.63157894736842,
            "fnr": 6.8157894736842115
        }
    }
}