{
    "train": {
        "confusion_matrix": {
            "tp": 2324,
            "fp": 1747,
            "tn": 753,
            "fn": 176
        },
        "ratios": {
            "tpr": 92.96,
            "fpr": 69.88,
            "tnr": 30.12,
            "fnr": 7.04
        }
    },
    "test": {
        "confusion_matrix": {
            "tp": 2211,
            "fp": 1660,
            "tn": 715,
            "fn": 164
        },
        "ratios": {
            "tpr": 93.09473684210526,
            "fpr": 69.89473684210526,
            "tnr": 30.105263157894736,
            "fnr": 6.905263157894737
        }
    }
}