{
    "train": {
        "confusion_matrix": {
            "tp": 4121.8,
            "fp": 3919.5,
            "tn": 2580.5,
            "fn": 2378.2
        },
        "ratios": {
            "tpr": 63.41230769230769,
            "fpr": 60.3,
            "tnr": 39.7,
            "fnr": 36.58769230769231
        }
    },
    "test": {
        "confusion_matrix": {
            "tp": 808.8,
            "fp": 805.9,
            "tn": 494.1,
            "fn": 491.2
        },
        "ratios": {
            "tpr": 62.21538461538462,
            "fpr": 61.99230769230769,
            "tnr": 38.00769230769231,
            "fnr": 37.784615384615385
        }
    }
}