{
    "train": {
        "confusion_matrix": {
            "tp": 2002.4,
            "fp": 1867.2,
            "tn": 1632.8,
            "fn": 1497.6
        },
        "ratios": {
            "tpr": 57.21142857142858,
            "fpr": 53.348571428571425,
            "tnr": 46.65142857142858,
            "fnr": 42.78857142857142
        }
    },
    "test": {
        "confusion_matrix": {
            "tp": 382.4,
            "fp": 377.4,
            "tn": 322.6,
            "fn": 317.6
        },
        "ratios": {
            "tpr": 54.62857142857143,
            "fpr": 53.91428571428571,
            "tnr": 46.08571428571428,
            "fnr": 45.371428571428574
        }
    }
}