{
    "train": {
        "confusion_matrix": {
            "tp": 4964.2,
            "fp": 4740.3,
            "tn": 3259.7,
            "fn": 3035.8
        },
        "ratios": {
            "tpr": 62.052499999999995,
            "fpr": 59.253750000000004,
            "tnr": 40.746249999999996,
            "fnr": 37.947500000000005
        }
    },
    "test": {
        "confusion_matrix": {
            "tp": 977.7,
            "fp": 967.1,
            "tn": 632.9,
            "fn": 622.3
        },
        "ratios": {
            "tpr": 61.10625,
            "fpr": 60.44375,
            "tnr": 39.55625,
            "fnr": 38.89375
        }
    }
}