{
    "train": {
        "confusion_matrix": {
            "tp": 777.6,
            "fp": 706.0,
            "tn": 794.0,
            "fn": 722.4
        },
        "ratios": {
            "tpr": 51.839999999999996,
            "fpr": 47.06666666666668,
            "tnr": 52.93333333333332,
            "fnr": 48.15999999999999
        }
    },
    "test": {
        "confusion_matrix": {
            "tp": 149.7,
            "fp": 147.8,
            "tn": 152.2,
            "fn": 150.3
        },
        "ratios": {
            "tpr": 49.9,
            "fpr": 49.266666666666666,
            "tnr": 50.733333333333334,
            "fnr": 50.1
        }
    }
}