{
    "train": {
        "confusion_matrix": {
            "tp": 1746.7,
            "fp": 1640.7,
            "tn": 1359.3,
            "fn": 1253.3
        },
        "ratios": {
            "tpr": 58.22333333333334,
            "fpr": 54.69000000000001,
            "tnr": 45.309999999999995,
            "fnr": 41.77666666666667
        }
    },
    "test": {
        "confusion_matrix": {
            "tp": 335.2,
            "fp": 334.6,
            "tn": 265.4,
            "fn": 264.8
        },
        "ratios": {
            "tpr": 55.86666666666666,
            "fpr": 55.766666666666666,
            "tnr": 44.233333333333334,
            "fnr": 44.13333333333334
        }
    }
}