{
    "train": {
        "confusion_matrix": {
            "tp": 555.6,
            "fp": 505.3,
            "tn": 494.7,
            "fn": 444.4
        },
        "ratios": {
            "tpr": 55.56,
            "fpr": 50.53000000000001,
            "tnr": 49.470000000000006,
            "fnr": 44.440000000000005
        }
    },
    "test": {
        "confusion_matrix": {
            "tp": 108.5,
            "fp": 100.5,
            "tn": 99.5,
            "fn": 91.5
        },
        "ratios": {
            "tpr": 54.25,
            "fpr": 50.25,
            "tnr": 49.75,
            "fnr": 45.75
        }
    }
}