{
    "train": {
        "confusion_matrix": {
            "tp": 3266.8,
            "fp": 3098.2,
            "tn": 2401.8,
            "fn": 2233.2
        },
        "ratios": {
            "tpr": 59.39636363636364,
            "fpr": 56.33090909090909,
            "tnr": 43.66909090909091,
            "fnr": 40.60363636363636
        }
    },
    "test": {
        "confusion_matrix": {
            "tp": 644.7,
            "fp": 640.7,
            "tn": 459.3,
            "fn": 455.3
        },
        "ratios": {
            "tpr": 58.6090909090909,
            "fpr": 58.245454545454535,
            "tnr": 41.75454545454545,
            "fnr": 41.39090909090909
        }
    }
}