{
    "train": {
        "confusion_matrix": {
            "tp": 286.1,
            "fp": 242.7,
            "tn": 257.3,
            "fn": 213.9
        },
        "ratios": {
            "tpr": 57.21999999999999,
            "fpr": 48.540000000000006,
            "tnr": 51.46,
            "fnr": 42.78
        }
    },
    "test": {
        "confusion_matrix": {
            "tp": 50.5,
            "fp": 54.3,
            "tn": 45.7,
            "fn": 49.5
        },
        "ratios": {
            "tpr": 50.5,
            "fpr": 54.3,
            "tnr": 45.7,
            "fnr": 49.5
        }
    }
}