{
    "train": {
        "confusion_matrix": {
            "tp": 3481.2,
            "fp": 3304.9,
            "tn": 2695.1,
            "fn": 2518.8
        },
        "ratios": {
            "tpr": 58.019999999999996,
            "fpr": 55.08166666666666,
            "tnr": 44.91833333333334,
            "fnr": 41.980000000000004
        }
    },
    "test": {
        "confusion_matrix": {
            "tp": 689.2,
            "fp": 679.2,
            "tn": 520.8,
            "fn": 510.8
        },
        "ratios": {
            "tpr": 57.43333333333334,
            "fpr": 56.6,
            "tnr": 43.4,
            "fnr": 42.56666666666666
        }
    }
}