{
    "train": {
        "confusion_matrix": {
            "tp": 1090.6,
            "fp": 997.5,
            "tn": 1002.5,
            "fn": 909.4
        },
        "ratios": {
            "tpr": 54.53000000000001,
            "fpr": 49.875,
            "tnr": 50.125,
            "fnr": 45.46999999999999
        }
    },
    "test": {
        "confusion_matrix": {
            "tp": 205.5,
            "fp": 208.1,
            "tn": 191.9,
            "fn": 194.5
        },
        "ratios": {
            "tpr": 51.375,
            "fpr": 52.025,
            "tnr": 47.975,
            "fnr": 48.625
        }
    }
}