{
    "train": {
        "confusion_matrix": {
            "tp": 2856.1,
            "fp": 2702.3,
            "tn": 1797.7,
            "fn": 1643.9
        },
        "ratios": {
            "tpr": 63.468888888888884,
            "fpr": 60.051111111111105,
            "tnr": 39.94888888888889,
            "fnr": 36.53111111111111
        }
    },
    "test": {
        "confusion_matrix": {
            "tp": 559.8,
            "fp": 557.0,
            "tn": 343.0,
            "fn": 340.2
        },
        "ratios": {
            "tpr": 62.19999999999999,
            "fpr": 61.88888888888888,
            "tnr": 38.11111111111111,
            "fnr": 37.8
        }
    }
}