{
    "train": {
        "confusion_matrix": {
            "tp": 1482.8,
            "fp": 1364.0,
            "tn": 1136.0,
            "fn": 1017.2
        },
        "ratios": {
            "tpr": 59.312,
            "fpr": 54.56,
            "tnr": 45.44,
            "fnr": 40.688
        }
    },
    "test": {
        "confusion_matrix": {
            "tp": 284.1,
            "fp": 281.0,
            "tn": 219.0,
            "fn": 215.9
        },
        "ratios": {
            "tpr": 56.82000000000001,
            "fpr": 56.2,
            "tnr": 43.800000000000004,
            "fnr": 43.18000000000001
        }
    }
}