{
    "train": {
        "confusion_matrix": {
            "tp": 4730.1,
            "fp": 4550.2,
            "tn": 2949.8,
            "fn": 2769.9
        },
        "ratios": {
            "tpr": 63.068,
            "fpr": 60.66933333333333,
            "tnr": 39.33066666666666,
            "fnr": 36.931999999999995
        }
    },
    "test": {
        "confusion_matrix": {
            "tp": 931.9,
            "fp": 920.7,
            "tn": 579.3,
            "fn": 568.1
        },
        "ratios": {
            "tpr": 62.126666666666665,
            "fpr": 61.379999999999995,
            "tnr": 38.62,
            "fnr": 37.873333333333335
        }
    }
}