{
    "train": {
        "confusion_matrix": {
            "tp": 3107.6,
            "fp": 2959.7,
            "tn": 2040.3,
            "fn": 1892.4
        },
        "ratios": {
            "tpr": 62.152,
            "fpr": 59.193999999999996,
            "tnr": 40.806,
            "fnr": 37.848
        }
    },
    "test": {
        "confusion_matrix": {
            "tp": 605.2,
            "fp": 614.7,
            "tn": 385.3,
            "fn": 394.8
        },
        "ratios": {
            "tpr": 60.52,
            "fpr": 61.469999999999985,
            "tnr": 38.53000000000001,
            "fnr": 39.480000000000004
        }
    }
}