{
    "train": {
        "confusion_matrix": {
            "tp": 4417.8,
            "fp": 4215.6,
            "tn": 2784.4,
            "fn": 2582.2
        },
        "ratios": {
            "tpr": 63.11142857142856,
            "fpr": 60.22285714285715,
            "tnr": 39.77714285714286,
            "fnr": 36.888571428571424
        }
    },
    "test": {
        "confusion_matrix": {
            "tp": 866.9,
            "fp": 849.1,
            "tn": 550.9,
            "fn": 533.1
        },
        "ratios": {
            "tpr": 61.92142857142858,
            "fpr": 60.64999999999999,
            "tnr": 39.35,
            "fnr": 38.078571428571436
        }
    }
}