{
    "train": {
        "confusion_matrix": {
            "tp": 1938,
            "fp": 1358,
            "tn": 1142,
            "fn": 562
        },
        "ratios": {
            "tpr": 77.52,
            "fpr": 54.32,
            "tnr": 45.68,
            "fnr": 22.48
        }
    },
    "test": {
        "confusion_matrix": {
            "tp": 1843,
            "fp": 1293,
            "tn": 1082,
            "fn": 532
        },
        "ratios": {
            "tpr": 77.60000000000001,
            "fpr": 54.44210526315789,
            "tnr": 45.5578947368421,
            "fnr": 22.400000000000002
        }
    }
}