{
    "train": {
        "confusion_matrix": {
            "tp": 827.0,
            "fp": 516.0,
            "tn": 484.0,
            "fn": 173.0
        },
        "ratios": {
            "tpr": 82.7,
            "fpr": 51.60000000000001,
            "tnr": 48.39999999999999,
            "fnr": 17.3
        }
    },
    "test": {
        "confusion_matrix": {
            "tp": 159.0,
            "fp": 98.0,
            "tn": 102.0,
            "fn": 41.0
        },
        "ratios": {
            "tpr": 79.5,
            "fpr": 49.0,
            "tnr": 51.0,
            "fnr": 20.5
        }
    }
}