{
    "train": {
        "confusion_matrix": {
            "tp": 5055.5,
            "fp": 3168.3,
            "tn": 2831.7,
            "fn": 944.5
        },
        "ratios": {
            "tpr": 84.25833333333333,
            "fpr": 52.80499999999999,
            "tnr": 47.19500000000001,
            "fnr": 15.741666666666665
        }
    },
    "test": {
        "confusion_matrix": {
            "tp": 1014.2,
            "fp": 640.8,
            "tn": 559.2,
            "fn": 185.8
        },
        "ratios": {
            "tpr": 84.51666666666667,
            "fpr": 53.4,
            "tnr": 46.6,
            "fnr": 15.48333333333333
        }
    }
}