{
    "train": {
        "confusion_matrix": {
            "tp": 395.0,
            "fp": 246.0,
            "tn": 254.0,
            "fn": 105.0
        },
        "ratios": {
            "tpr": 79.0,
            "fpr": 49.199999999999996,
            "tnr": 50.800000000000004,
            "fnr": 21.0
        }
    },
    "test": {
        "confusion_matrix": {
            "tp": 79.0,
            "fp": 56.0,
            "tn": 44.0,
            "fn": 21.0
        },
        "ratios": {
            "tpr": 79.0,
            "fpr": 56.000000000000014,
            "tnr": 44.0,
            "fnr": 21.0
        }
    }
}