{
    "train": {
        "confusion_matrix": {
            "tp": 6745.0,
            "fp": 4231.2,
            "tn": 3768.8,
            "fn": 1255.0
        },
        "ratios": {
            "tpr": 84.3125,
            "fpr": 52.89,
            "tnr": 47.11,
            "fnr": 15.6875
        }
    },
    "test": {
        "confusion_matrix": {
            "tp": 1343.5,
            "fp": 841.8,
            "tn": 758.2,
            "fn": 256.5
        },
        "ratios": {
            "tpr": 83.96875,
            "fpr": 52.6125,
            "tnr": 47.3875,
            "fnr": 16.03125
        }
    }
}