{
    "train": {
        "confusion_matrix": {
            "tp": 5415.2,
            "fp": 3373.2,
            "tn": 3126.8,
            "fn": 1084.8
        },
        "ratios": {
            "tpr": 83.31076923076924,
            "fpr": 51.895384615384614,
            "tnr": 48.104615384615386,
            "fnr": 16.689230769230768
        }
    },
    "test": {
        "confusion_matrix": {
            "tp": 1082.4,
            "fp": 693.7,
            "tn": 606.3,
            "fn": 217.6
        },
        "ratios": {
            "tpr": 83.26153846153846,
            "fpr": 53.361538461538466,
            "tnr": 46.638461538461534,
            "fnr": 16.738461538461543
        }
    }
}