{
    "train": {
        "confusion_matrix": {
            "tp": 415.1,
            "fp": 255.0,
            "tn": 245.0,
            "fn": 84.9
        },
        "ratios": {
            "tpr": 83.02000000000001,
            "fpr": 51.00000000000001,
            "tnr": 49.0,
            "fnr": 16.980000000000004
        }
    },
    "test": {
        "confusion_matrix": {
            "tp": 82.9,
            "fp": 50.8,
            "tn": 49.2,
            "fn": 17.1
        },
        "ratios": {
            "tpr": 82.9,
            "fpr": 50.8,
            "tnr": 49.2,
            "fnr": 17.1
        }
    }
}