{
    "train": {
        "confusion_matrix": {
            "tp": 5888.0,
            "fp": 3658.0,
            "tn": 3342.0,
            "fn": 1112.0
        },
        "ratios": {
            "tpr": 84.11428571428573,
            "fpr": 52.25714285714285,
            "tnr": 47.74285714285714,
            "fnr": 15.88571428571429
        }
    },
    "test": {
        "confusion_matrix": {
            "tp": 1161.0,
            "fp": 736.0,
            "tn": 664.0,
            "fn": 239.0
        },
        "ratios": {
            "tpr": 82.92857142857143,
            "fpr": 52.57142857142857,
            "tnr": 47.42857142857144,
            "fnr": 17.071428571428566
        }
    }
}