{
    "train": {
        "confusion_matrix": {
            "tp": 5903.3,
            "fp": 3690.3,
            "tn": 3309.7,
            "fn": 1096.7
        },
        "ratios": {
            "tpr": 84.33285714285714,
            "fpr": 52.71857142857143,
            "tnr": 47.28142857142858,
            "fnr": 15.667142857142858
        }
    },
    "test": {
        "confusion_matrix": {
            "tp": 1186.1,
            "fp": 739.2,
            "tn": 660.8,
            "fn": 213.9
        },
        "ratios": {
            "tpr": 84.72142857142856,
            "fpr": 52.8,
            "tnr": 47.2,
            "fnr": 15.27857142857143
        }
    }
}