{
    "train": {
        "confusion_matrix": {
            "tp": 5466.0,
            "fp": 3469.0,
            "tn": 3031.0,
            "fn": 1034.0
        },
        "ratios": {
            "tpr": 84.0923076923077,
            "fpr": 53.369230769230754,
            "tnr": 46.63076923076924,
            "fnr": 15.907692307692312
        }
    },
    "test": {
        "confusion_matrix": {
            "tp": 1083.0,
            "fp": 703.0,
            "tn": 597.0,
            "fn": 217.0
        },
        "ratios": {
            "tpr": 83.30769230769229,
            "fpr": 54.07692307692308,
            "tnr": 45.92307692307691,
            "fnr": 16.69230769230769
        }
    }
}