{
    "train": {
        "confusion_matrix": {
            "tp": 4994.0,
            "fp": 3093.0,
            "tn": 2907.0,
            "fn": 1006.0
        },
        "ratios": {
            "tpr": 83.23333333333333,
            "fpr": 51.55,
            "tnr": 48.449999999999996,
            "fnr": 16.766666666666662
        }
    },
    "test": {
        "confusion_matrix": {
            "tp": 996.0,
            "fp": 630.0,
            "tn": 570.0,
            "fn": 204.0
        },
        "ratios": {
            "tpr": 83.0,
            "fpr": 52.5,
            "tnr": 47.5,
            "fnr": 17.0
        }
    }
}