{
    "train": {
        "confusion_matrix": {
            "tp": 4606.0,
            "fp": 2898.0,
            "tn": 2602.0,
            "fn": 894.0
        },
        "ratios": {
            "tpr": 83.74545454545455,
            "fpr": 52.69090909090909,
            "tnr": 47.30909090909091,
            "fnr": 16.254545454545454
        }
    },
    "test": {
        "confusion_matrix": {
            "tp": 916.0,
            "fp": 578.0,
            "tn": 522.0,
            "fn": 184.0
        },
        "ratios": {
            "tpr": 83.27272727272727,
            "fpr": 52.54545454545455,
            "tnr": 47.454545454545446,
            "fnr": 16.727272727272723
        }
    }
}