{
    "train": {
        "confusion_matrix": {
            "tp": 6666.0,
            "fp": 4112.0,
            "tn": 3888.0,
            "fn": 1334.0
        },
        "ratios": {
            "tpr": 83.32500000000002,
            "fpr": 51.39999999999999,
            "tnr": 48.60000000000001,
            "fnr": 16.675000000000004
        }
    },
    "test": {
        "confusion_matrix": {
            "tp": 1314.0,
            "fp": 845.0,
            "tn": 755.0,
            "fn": 286.0
        },
        "ratios": {
            "tpr": 82.125,
            "fpr": 52.812499999999986,
            "tnr": 47.1875,
            "fnr": 17.875
        }
    }
}