{
    "train": {
        "confusion_matrix": {
            "tp": 2469.0,
            "fp": 1507.0,
            "tn": 1493.0,
            "fn": 531.0
        },
        "ratios": {
            "tpr": 82.29999999999998,
            "fpr": 50.233333333333334,
            "tnr": 49.76666666666666,
            "fnr": 17.699999999999996
        }
    },
    "test": {
        "confusion_matrix": {
            "tp": 489.0,
            "fp": 273.0,
            "tn": 327.0,
            "fn": 111.0
        },
        "ratios": {
            "tpr": 81.5,
            "fpr": 45.5,
            "tnr": 54.500000000000014,
            "fnr": 18.5
        }
    }
}