{
    "train": {
        "confusion_matrix": {
            "tp": 4234.8,
            "fp": 2671.5,
            "tn": 2328.5,
            "fn": 765.2
        },
        "ratios": {
            "tpr": 84.69600000000001,
            "fpr": 53.42999999999999,
            "tnr": 46.57,
            "fnr": 15.304000000000002
        }
    },
    "test": {
        "confusion_matrix": {
            "tp": 843.0,
            "fp": 520.0,
            "tn": 480.0,
            "fn": 157.0
        },
        "ratios": {
            "tpr": 84.3,
            "fpr": 52.0,
            "tnr": 48.0,
            "fnr": 15.7
        }
    }
}