{
    "train": {
        "confusion_matrix": {
            "tp": 2089.0,
            "fp": 1303.0,
            "tn": 1197.0,
            "fn": 411.0
        },
        "ratios": {
            "tpr": 83.55999999999999,
            "fpr": 52.11999999999999,
            "tnr": 47.88,
            "fnr": 16.439999999999998
        }
    },
    "test": {
        "confusion_matrix": {
            "tp": 413.0,
            "fp": 250.0,
            "tn": 250.0,
            "fn": 87.0
        },
        "ratios": {
            "tpr": 82.60000000000001,
            "fpr": 50.0,
            "tnr": 50.0,
            "fnr": 17.400000000000002
        }
    }
}