{
    "train": {
        "confusion_matrix": {
            "tp": 6339.2,
            "fp": 3980.5,
            "tn": 3519.5,
            "fn": 1160.8
        },
        "ratios": {
            "tpr": 84.52266666666665,
            "fpr": 53.07333333333334,
            "tnr": 46.92666666666666,
            "fnr": 15.47733333333333
        }
    },
    "test": {
        "confusion_matrix": {
            "tp": 1265.8,
            "fp": 796.8,
            "tn": 703.2,
            "fn": 234.2
        },
        "ratios": {
            "tpr": 84.38666666666666,
            "fpr": 53.120000000000005,
            "tnr": 46.88,
            "fnr": 15.613333333333335
        }
    }
}