{
    "train": {
        "confusion_matrix": {
            "tp": 6273.0,
            "fp": 3897.0,
            "tn": 3603.0,
            "fn": 1227.0
        },
        "ratios": {
            "tpr": 83.64,
            "fpr": 51.959999999999994,
            "tnr": 48.040000000000006,
            "fnr": 16.360000000000003
        }
    },
    "test": {
        "confusion_matrix": {
            "tp": 1239.0,
            "fp": 776.0,
            "tn": 724.0,
            "fn": 261.0
        },
        "ratios": {
            "tpr": 82.60000000000001,
            "fpr": 51.733333333333334,
            "tnr": 48.26666666666666,
            "fnr": 17.400000000000002
        }
    }
}