{
    "train": {
        "confusion_matrix": {
            "tp": 4578.5,
            "fp": 2862.7,
            "tn": 2637.3,
            "fn": 921.5
        },
        "ratios": {
            "tpr": 83.24545454545455,
            "fpr": 52.04909090909091,
            "tnr": 47.95090909090909,
            "fnr": 16.754545454545454
        }
    },
    "test": {
        "confusion_matrix": {
            "tp": 914.5,
            "fp": 569.7,
            "tn": 530.3,
            "fn": 185.5
        },
        "ratios": {
            "tpr": 83.13636363636364,
            "fpr": 51.790909090909096,
            "tnr": 48.20909090909091,
            "fnr": 16.863636363636363
        }
    }
}