{
    "train": {
        "confusion_matrix": {
            "tp": 2929.7,
            "fp": 1805.0,
            "tn": 1695.0,
            "fn": 570.3
        },
        "ratios": {
            "tpr": 83.70571428571428,
            "fpr": 51.57142857142857,
            "tnr": 48.42857142857143,
            "fnr": 16.294285714285714
        }
    },
    "test": {
        "confusion_matrix": {
            "tp": 583.8,
            "fp": 365.9,
            "tn": 334.1,
            "fn": 116.2
        },
        "ratios": {
            "tpr": 83.4,
            "fpr": 52.271428571428565,
            "tnr": 47.728571428571435,
            "fnr": 16.599999999999994
        }
    }
}