{
    "train": {
        "confusion_matrix": {
            "tp": 1271.0,
            "fp": 789.0,
            "tn": 711.0,
            "fn": 229.0
        },
        "ratios": {
            "tpr": 84.73333333333333,
            "fpr": 52.60000000000001,
            "tnr": 47.39999999999999,
            "fnr": 15.26666666666667
        }
    },
    "test": {
        "confusion_matrix": {
            "tp": 259.0,
            "fp": 171.0,
            "tn": 129.0,
            "fn": 41.0
        },
        "ratios": {
            "tpr": 86.33333333333334,
            "fpr": 56.999999999999986,
            "tnr": 43.0,
            "fnr": 13.666666666666668
        }
    }
}