{
    "train": {
        "confusion_matrix": {
            "tp": 2900.0,
            "fp": 1768.0,
            "tn": 1732.0,
            "fn": 600.0
        },
        "ratios": {
            "tpr": 82.85714285714288,
            "fpr": 50.51428571428572,
            "tnr": 49.48571428571428,
            "fnr": 17.142857142857142
        }
    },
    "test": {
        "confusion_matrix": {
            "tp": 575.0,
            "fp": 360.0,
            "tn": 340.0,
            "fn": 125.0
        },
        "ratios": {
            "tpr": 82.14285714285712,
            "fpr": 51.42857142857143,
            "tnr": 48.57142857142856,
            "fnr": 17.857142857142858
        }
    }
}