{
    "train": {
        "confusion_matrix": {
            "tp": 1671.0,
            "fp": 1091.0,
            "tn": 909.0,
            "fn": 329.0
        },
        "ratios": {
            "tpr": 83.54999999999998,
            "fpr": 54.55,
            "tnr": 45.449999999999996,
            "fnr": 16.449999999999996
        }
    },
    "test": {
        "confusion_matrix": {
            "tp": 338.0,
            "fp": 220.0,
            "tn": 180.0,
            "fn": 62.0
        },
        "ratios": {
            "tpr": 84.5,
            "fpr": 55.000000000000014,
            "tnr": 45.0,
            "fnr": 15.5
        }
    }
}