{
    "train": {
        "confusion_matrix": {
            "tp": 3789.7,
            "fp": 2371.2,
            "tn": 2128.8,
            "fn": 710.3
        },
        "ratios": {
            "tpr": 84.21555555555555,
            "fpr": 52.69333333333333,
            "tnr": 47.306666666666665,
            "fnr": 15.784444444444443
        }
    },
    "test": {
        "confusion_matrix": {
            "tp": 758.1,
            "fp": 475.0,
            "tn": 425.0,
            "fn": 141.9
        },
        "ratios": {
            "tpr": 84.23333333333332,
            "fpr": 52.777777777777786,
            "tnr": 47.22222222222222,
            "fnr": 15.766666666666666
        }
    }
}