{
    "train": {
        "confusion_matrix": {
            "tp": 2522.3,
            "fp": 1580.4,
            "tn": 1419.6,
            "fn": 477.7
        },
        "ratios": {
            "tpr": 84.07666666666667,
            "fpr": 52.67999999999999,
            "tnr": 47.32,
            "fnr": 15.923333333333332
        }
    },
    "test": {
        "confusion_matrix": {
            "tp": 503.6,
            "fp": 317.8,
            "tn": 282.2,
            "fn": 96.4
        },
        "ratios": {
            "tpr": 83.93333333333334,
            "fpr": 52.966666666666676,
            "tnr": 47.03333333333334,
            "fnr": 16.06666666666667
        }
    }
}