{
    "train": {
        "confusion_matrix": {
            "tp": 3328.0,
            "fp": 2047.0,
            "tn": 1953.0,
            "fn": 672.0
        },
        "ratios": {
            "tpr": 83.20000000000002,
            "fpr": 51.175000000000004,
            "tnr": 48.824999999999996,
            "fnr": 16.800000000000004
        }
    },
    "test": {
        "confusion_matrix": {
            "tp": 658.0,
            "fp": 421.0,
            "tn": 379.0,
            "fn": 142.0
        },
        "ratios": {
            "tpr": 82.25,
            "fpr": 52.625,
            "tnr": 47.375,
            "fnr": 17.75
        }
    }
}