{
    "train": {
        "confusion_matrix": {
            "tp": 3761.0,
            "fp": 2347.0,
            "tn": 2153.0,
            "fn": 739.0
        },
        "ratios": {
            "tpr": 83.57777777777777,
            "fpr": 52.15555555555555,
            "tnr": 47.84444444444444,
            "fnr": 16.42222222222222
        }
    },
    "test": {
        "confusion_matrix": {
            "tp": 746.0,
            "fp": 482.0,
            "tn": 418.0,
            "fn": 154.0
        },
        "ratios": {
            "tpr": 82.8888888888889,
            "fpr": 53.55555555555556,
            "tnr": 46.44444444444445,
            "fnr": 17.11111111111111
        }
    }
}