{
    "train": {
        "confusion_matrix": {
            "tp": 1256.5,
            "fp": 776.6,
            "tn": 723.4,
            "fn": 243.5
        },
        "ratios": {
            "tpr": 83.76666666666665,
            "fpr": 51.77333333333333,
            "tnr": 48.226666666666674,
            "fnr": 16.233333333333334
        }
    },
    "test": {
        "confusion_matrix": {
            "tp": 253.6,
            "fp": 156.4,
            "tn": 143.6,
            "fn": 46.4
        },
        "ratios": {
            "tpr": 84.53333333333333,
            "fpr": 52.133333333333326,
            "tnr": 47.86666666666667,
            "fnr": 15.466666666666665
        }
    }
}