{
    "train": {
        "confusion_matrix": {
            "tp": 4162.0,
            "fp": 2564.0,
            "tn": 2436.0,
            "fn": 838.0
        },
        "ratios": {
            "tpr": 83.24000000000001,
            "fpr": 51.27999999999999,
            "tnr": 48.720000000000006,
            "fnr": 16.759999999999998
        }
    },
    "test": {
        "confusion_matrix": {
            "tp": 830.0,
            "fp": 502.0,
            "tn": 498.0,
            "fn": 170.0
        },
        "ratios": {
            "tpr": 83.0,
            "fpr": 50.199999999999996,
            "tnr": 49.800000000000004,
            "fnr": 17.0
        }
    }
}