{
    "train": {
        "confusion_matrix": {
            "tp": 2451.0,
            "fp": 1486.0,
            "tn": 1514.0,
            "fn": 549.0
        },
        "ratios": {
            "tpr": 81.7,
            "fpr": 49.533333333333324,
            "tnr": 50.466666666666676,
            "fnr": 18.300000000000004
        }
    },
    "test": {
        "confusion_matrix": {
            "tp": 484.0,
            "fp": 271.0,
            "tn": 329.0,
            "fn": 116.0
        },
        "ratios": {
            "tpr": 80.66666666666664,
            "fpr": 45.16666666666667,
            "tnr": 54.83333333333333,
            "fnr": 19.333333333333336
        }
    }
}