{
    "train": {
        "confusion_matrix": {
            "tp": 2048.0,
            "fp": 1254.0,
            "tn": 1246.0,
            "fn": 452.0
        },
        "ratios": {
            "tpr": 81.91999999999999,
            "fpr": 50.16000000000001,
            "tnr": 49.84000000000001,
            "fnr": 18.079999999999995
        }
    },
    "test": {
        "confusion_matrix": {
            "tp": 404.0,
            "fp": 240.0,
            "tn": 260.0,
            "fn": 96.0
        },
        "ratios": {
            "tpr": 80.8,
            "fpr": 48.0,
            "tnr": 52.0,
            "fnr": 19.199999999999996
        }
    }
}