{
    "train": {
        "confusion_matrix": {
            "tp": 2844.3,
            "fp": 1726.4,
            "tn": 1773.6,
            "fn": 655.7
        },
        "ratios": {
            "tpr": 81.26571428571428,
            "fpr": 49.325714285714284,
            "tnr": 50.674285714285716,
            "fnr": 18.73428571428571
        }
    },
    "test": {
        "confusion_matrix": {
            "tp": 566.7,
            "fp": 350.3,
            "tn": 349.7,
            "fn": 133.3
        },
        "ratios": {
            "tpr": 80.95714285714286,
            "fpr": 50.042857142857144,
            "tnr": 49.957142857142856,
            "fnr": 19.042857142857144
        }
    }
}