{
    "train": {
        "confusion_matrix": {
            "tp": 4826.0,
            "fp": 2926.0,
            "tn": 3074.0,
            "fn": 1174.0
        },
        "ratios": {
            "tpr": 80.43333333333335,
            "fpr": 48.76666666666666,
            "tnr": 51.233333333333334,
            "fnr": 19.566666666666666
        }
    },
    "test": {
        "confusion_matrix": {
            "tp": 966.0,
            "fp": 598.0,
            "tn": 602.0,
            "fn": 234.0
        },
        "ratios": {
            "tpr": 80.5,
            "fpr": 49.83333333333333,
            "tnr": 50.16666666666668,
            "fnr": 19.5
        }
    }
}