{
    "train": {
        "confusion_matrix": {
            "tp": 4018.5,
            "fp": 2470.7,
            "tn": 2529.3,
            "fn": 981.5
        },
        "ratios": {
            "tpr": 80.37,
            "fpr": 49.414,
            "tnr": 50.586000000000006,
            "fnr": 19.630000000000003
        }
    },
    "test": {
        "confusion_matrix": {
            "tp": 802.2,
            "fp": 478.8,
            "tn": 521.2,
            "fn": 197.8
        },
        "ratios": {
            "tpr": 80.22,
            "fpr": 47.88,
            "tnr": 52.120000000000005,
            "fnr": 19.779999999999998
        }
    }
}