{
    "train": {
        "confusion_matrix": {
            "tp": 4800.4,
            "fp": 2935.1,
            "tn": 3064.9,
            "fn": 1199.6
        },
        "ratios": {
            "tpr": 80.00666666666667,
            "fpr": 48.91833333333333,
            "tnr": 51.08166666666667,
            "fnr": 19.993333333333332
        }
    },
    "test": {
        "confusion_matrix": {
            "tp": 965.3,
            "fp": 593.0,
            "tn": 607.0,
            "fn": 234.7
        },
        "ratios": {
            "tpr": 80.44166666666666,
            "fpr": 49.416666666666664,
            "tnr": 50.583333333333336,
            "fnr": 19.558333333333334
        }
    }
}