{
    "train": {
        "confusion_matrix": {
            "tp": 6374.6,
            "fp": 3897.1,
            "tn": 4102.9,
            "fn": 1625.4
        },
        "ratios": {
            "tpr": 79.6825,
            "fpr": 48.71374999999999,
            "tnr": 51.28625000000001,
            "fnr": 20.317500000000003
        }
    },
    "test": {
        "confusion_matrix": {
            "tp": 1271.7,
            "fp": 780.5,
            "tn": 819.5,
            "fn": 328.3
        },
        "ratios": {
            "tpr": 79.48125,
            "fpr": 48.78125,
            "tnr": 51.21875,
            "fnr": 20.51875
        }
    }
}