{
    "train": {
        "confusion_matrix": {
            "tp": 4046.0,
            "fp": 2453.0,
            "tn": 2547.0,
            "fn": 954.0
        },
        "ratios": {
            "tpr": 80.91999999999999,
            "fpr": 49.059999999999995,
            "tnr": 50.94,
            "fnr": 19.079999999999995
        }
    },
    "test": {
        "confusion_matrix": {
            "tp": 807.0,
            "fp": 481.0,
            "tn": 519.0,
            "fn": 193.0
        },
        "ratios": {
            "tpr": 80.70000000000002,
            "fpr": 48.10000000000001,
            "tnr": 51.89999999999999,
            "fnr": 19.300000000000004
        }
    }
}