{
    "train": {
        "confusion_matrix": {
            "tp": 3230.6,
            "fp": 1982.0,
            "tn": 2018.0,
            "fn": 769.4
        },
        "ratios": {
            "tpr": 80.76500000000001,
            "fpr": 49.55,
            "tnr": 50.45,
            "fnr": 19.235000000000003
        }
    },
    "test": {
        "confusion_matrix": {
            "tp": 638.9,
            "fp": 399.4,
            "tn": 400.6,
            "fn": 161.1
        },
        "ratios": {
            "tpr": 79.8625,
            "fpr": 49.925,
            "tnr": 50.075,
            "fnr": 20.1375
        }
    }
}