{
    "train": {
        "confusion_matrix": {
            "tp": 5980.2,
            "fp": 3657.8,
            "tn": 3842.2,
            "fn": 1519.8
        },
        "ratios": {
            "tpr": 79.736,
            "fpr": 48.77066666666666,
            "tnr": 51.22933333333333,
            "fnr": 20.264
        }
    },
    "test": {
        "confusion_matrix": {
            "tp": 1194.5,
            "fp": 729.7,
            "tn": 770.3,
            "fn": 305.5
        },
        "ratios": {
            "tpr": 79.63333333333335,
            "fpr": 48.64666666666666,
            "tnr": 51.35333333333333,
            "fnr": 20.366666666666664
        }
    }
}