{
    "train": {
        "confusion_matrix": {
            "tp": 2427.5,
            "fp": 1498.1,
            "tn": 1501.9,
            "fn": 572.5
        },
        "ratios": {
            "tpr": 80.91666666666666,
            "fpr": 49.936666666666675,
            "tnr": 50.06333333333333,
            "fnr": 19.083333333333336
        }
    },
    "test": {
        "confusion_matrix": {
            "tp": 486.6,
            "fp": 297.2,
            "tn": 302.8,
            "fn": 113.4
        },
        "ratios": {
            "tpr": 81.1,
            "fpr": 49.53333333333334,
            "tnr": 50.46666666666667,
            "fnr": 18.900000000000002
        }
    }
}