{
    "train": {
        "confusion_matrix": {
            "tp": 3622.2,
            "fp": 2213.0,
            "tn": 2287.0,
            "fn": 877.8
        },
        "ratios": {
            "tpr": 80.49333333333333,
            "fpr": 49.17777777777777,
            "tnr": 50.82222222222222,
            "fnr": 19.506666666666668
        }
    },
    "test": {
        "confusion_matrix": {
            "tp": 724.6,
            "fp": 444.9,
            "tn": 455.1,
            "fn": 175.4
        },
        "ratios": {
            "tpr": 80.51111111111112,
            "fpr": 49.43333333333334,
            "tnr": 50.56666666666666,
            "fnr": 19.48888888888889
        }
    }
}