{
    "train": {
        "confusion_matrix": {
            "tp": 5207.0,
            "fp": 3226.0,
            "tn": 3274.0,
            "fn": 1293.0
        },
        "ratios": {
            "tpr": 80.10769230769232,
            "fpr": 49.63076923076922,
            "tnr": 50.36923076923076,
            "fnr": 19.892307692307693
        }
    },
    "test": {
        "confusion_matrix": {
            "tp": 1041.0,
            "fp": 647.0,
            "tn": 653.0,
            "fn": 259.0
        },
        "ratios": {
            "tpr": 80.07692307692308,
            "fpr": 49.769230769230774,
            "tnr": 50.23076923076923,
            "fnr": 19.923076923076927
        }
    }
}