{
    "train": {
        "confusion_matrix": {
            "tp": 1226.0,
            "fp": 753.0,
            "tn": 747.0,
            "fn": 274.0
        },
        "ratios": {
            "tpr": 81.73333333333333,
            "fpr": 50.199999999999996,
            "tnr": 49.800000000000004,
            "fnr": 18.266666666666662
        }
    },
    "test": {
        "confusion_matrix": {
            "tp": 249.0,
            "fp": 159.0,
            "tn": 141.0,
            "fn": 51.0
        },
        "ratios": {
            "tpr": 83.0,
            "fpr": 53.0,
            "tnr": 47.0,
            "fnr": 17.0
        }
    }
}