{
    "train": {
        "confusion_matrix": {
            "tp": 4419.7,
            "fp": 2711.2,
            "tn": 2788.8,
            "fn": 1080.3
        },
        "ratios": {
            "tpr": 80.3581818181818,
            "fpr": 49.29454545454546,
            "tnr": 50.70545454545454,
            "fnr": 19.64181818181818
        }
    },
    "test": {
        "confusion_matrix": {
            "tp": 880.0,
            "fp": 537.0,
            "tn": 563.0,
            "fn": 220.0
        },
        "ratios": {
            "tpr": 80.00000000000001,
            "fpr": 48.81818181818183,
            "tnr": 51.18181818181817,
            "fnr": 20.0
        }
    }
}