{
    "train": {
        "confusion_matrix": {
            "tp": 1231.8,
            "fp": 754.8,
            "tn": 745.2,
            "fn": 268.2
        },
        "ratios": {
            "tpr": 82.12000000000002,
            "fpr": 50.32,
            "tnr": 49.68,
            "fnr": 17.88
        }
    },
    "test": {
        "confusion_matrix": {
            "tp": 248.8,
            "fp": 152.1,
            "tn": 147.9,
            "fn": 51.2
        },
        "ratios": {
            "tpr": 82.93333333333334,
            "fpr": 50.7,
            "tnr": 49.3,
            "fnr": 17.066666666666666
        }
    }
}