{
    "train": {
        "confusion_matrix": {
            "tp": 5626.0,
            "fp": 3414.0,
            "tn": 3586.0,
            "fn": 1374.0
        },
        "ratios": {
            "tpr": 80.37142857142858,
            "fpr": 48.77142857142858,
            "tnr": 51.22857142857141,
            "fnr": 19.62857142857143
        }
    },
    "test": {
        "confusion_matrix": {
            "tp": 1117.0,
            "fp": 695.0,
            "tn": 705.0,
            "fn": 283.0
        },
        "ratios": {
            "tpr": 79.78571428571426,
            "fpr": 49.64285714285715,
            "tnr": 50.35714285714285,
            "fnr": 20.21428571428572
        }
    }
}