{
    "train": {
        "confusion_matrix": {
            "tp": 3654.0,
            "fp": 2243.0,
            "tn": 2257.0,
            "fn": 846.0
        },
        "ratios": {
            "tpr": 81.20000000000002,
            "fpr": 49.84444444444444,
            "tnr": 50.15555555555556,
            "fnr": 18.800000000000004
        }
    },
    "test": {
        "confusion_matrix": {
            "tp": 725.0,
            "fp": 464.0,
            "tn": 436.0,
            "fn": 175.0
        },
        "ratios": {
            "tpr": 80.55555555555556,
            "fpr": 51.55555555555556,
            "tnr": 48.44444444444445,
            "fnr": 19.44444444444445
        }
    }
}