{
    "train": {
        "confusion_matrix": {
            "tp": 2028.5,
            "fp": 1248.5,
            "tn": 1251.5,
            "fn": 471.5
        },
        "ratios": {
            "tpr": 81.14,
            "fpr": 49.94,
            "tnr": 50.059999999999995,
            "fnr": 18.860000000000003
        }
    },
    "test": {
        "confusion_matrix": {
            "tp": 406.6,
            "fp": 248.2,
            "tn": 251.8,
            "fn": 93.4
        },
        "ratios": {
            "tpr": 81.32,
            "fpr": 49.64,
            "tnr": 50.36,
            "fnr": 18.68
        }
    }
}