{
    "train": {
        "confusion_matrix": {
            "tp": 3260.0,
            "fp": 1993.0,
            "tn": 2007.0,
            "fn": 740.0
        },
        "ratios": {
            "tpr": 81.5,
            "fpr": 49.824999999999996,
            "tnr": 50.175000000000004,
            "fnr": 18.5
        }
    },
    "test": {
        "confusion_matrix": {
            "tp": 642.0,
            "fp": 408.0,
            "tn": 392.0,
            "fn": 158.0
        },
        "ratios": {
            "tpr": 80.25,
            "fpr": 51.0,
            "tnr": 49.0,
            "fnr": 19.75
        }
    }
}