{
    "train": {
        "confusion_matrix": {
            "tp": 1631.6,
            "fp": 1011.4,
            "tn": 988.6,
            "fn": 368.4
        },
        "ratios": {
            "tpr": 81.58,
            "fpr": 50.56999999999999,
            "tnr": 49.42999999999999,
            "fnr": 18.419999999999998
        }
    },
    "test": {
        "confusion_matrix": {
            "tp": 325.5,
            "fp": 196.9,
            "tn": 203.1,
            "fn": 74.5
        },
        "ratios": {
            "tpr": 81.375,
            "fpr": 49.225,
            "tnr": 50.775,
            "fnr": 18.625
        }
    }
}