{
    "train": {
        "confusion_matrix": {
            "tp": 832.0,
            "fp": 527.0,
            "tn": 473.0,
            "fn": 168.0
        },
        "ratios": {
            "tpr": 83.20000000000002,
            "fpr": 52.7,
            "tnr": 47.300000000000004,
            "fnr": 16.800000000000004
        }
    },
    "test": {
        "confusion_matrix": {
            "tp": 161.0,
            "fp": 99.0,
            "tn": 101.0,
            "fn": 39.0
        },
        "ratios": {
            "tpr": 80.5,
            "fpr": 49.5,
            "tnr": 50.5,
            "fnr": 19.5
        }
    }
}