{
    "train": {
        "confusion_matrix": {
            "tp": 5203.1,
            "fp": 3172.5,
            "tn": 3327.5,
            "fn": 1296.9
        },
        "ratios": {
            "tpr": 80.04769230769232,
            "fpr": 48.80769230769231,
            "tnr": 51.19230769230769,
            "fnr": 19.95230769230769
        }
    },
    "test": {
        "confusion_matrix": {
            "tp": 1040.7,
            "fp": 652.3,
            "tn": 647.7,
            "fn": 259.3
        },
        "ratios": {
            "tpr": 80.05384615384614,
            "fpr": 50.17692307692308,
            "tnr": 49.82307692307692,
            "fnr": 19.946153846153845
        }
    }
}