{
    "train": {
        "confusion_matrix": {
            "tp": 4437.0,
            "fp": 2735.0,
            "tn": 2765.0,
            "fn": 1063.0
        },
        "ratios": {
            "tpr": 80.67272727272726,
            "fpr": 49.727272727272734,
            "tnr": 50.27272727272726,
            "fnr": 19.327272727272724
        }
    },
    "test": {
        "confusion_matrix": {
            "tp": 886.0,
            "fp": 543.0,
            "tn": 557.0,
            "fn": 214.0
        },
        "ratios": {
            "tpr": 80.54545454545453,
            "fpr": 49.36363636363637,
            "tnr": 50.63636363636363,
            "fnr": 19.45454545454545
        }
    }
}