{
    "train": {
        "confusion_matrix": {
            "tp": 6022.0,
            "fp": 3673.0,
            "tn": 3827.0,
            "fn": 1478.0
        },
        "ratios": {
            "tpr": 80.29333333333332,
            "fpr": 48.97333333333334,
            "tnr": 51.02666666666666,
            "fnr": 19.70666666666667
        }
    },
    "test": {
        "confusion_matrix": {
            "tp": 1192.0,
            "fp": 729.0,
            "tn": 771.0,
            "fn": 308.0
        },
        "ratios": {
            "tpr": 79.46666666666668,
            "fpr": 48.60000000000001,
            "tnr": 51.39999999999999,
            "fnr": 20.533333333333335
        }
    }
}