{
    "train": {
        "confusion_matrix": {
            "tp": 5590.2,
            "fp": 3408.4,
            "tn": 3591.6,
            "fn": 1409.8
        },
        "ratios": {
            "tpr": 79.85999999999999,
            "fpr": 48.691428571428574,
            "tnr": 51.308571428571426,
            "fnr": 20.14
        }
    },
    "test": {
        "confusion_matrix": {
            "tp": 1123.3,
            "fp": 682.3,
            "tn": 717.7,
            "fn": 276.7
        },
        "ratios": {
            "tpr": 80.23571428571428,
            "fpr": 48.73571428571428,
            "tnr": 51.26428571428572,
            "fnr": 19.764285714285712
        }
    }
}