{
    "train": {
        "confusion_matrix": {
            "tp": 2852.0,
            "fp": 1734.0,
            "tn": 1766.0,
            "fn": 648.0
        },
        "ratios": {
            "tpr": 81.48571428571428,
            "fpr": 49.542857142857144,
            "tnr": 50.457142857142856,
            "fnr": 18.51428571428571
        }
    },
    "test": {
        "confusion_matrix": {
            "tp": 563.0,
            "fp": 350.0,
            "tn": 350.0,
            "fn": 137.0
        },
        "ratios": {
            "tpr": 80.42857142857143,
            "fpr": 50.0,
            "tnr": 50.0,
            "fnr": 19.571428571428566
        }
    }
}