{
    "train": {
        "confusion_matrix": {
            "tp": 3991.8,
            "fp": 3806.4,
            "tn": 2693.6,
            "fn": 2508.2
        },
        "ratios": {
            "tpr": 61.41230769230769,
            "fpr": 58.56,
            "tnr": 41.440000000000005,
            "fnr": 38.58769230769231
        }
    },
    "test": {
        "confusion_matrix": {
            "tp": 784.0,
            "fp": 781.8,
            "tn": 518.2,
            "fn": 516.0
        },
        "ratios": {
            "tpr": 60.30769230769231,
            "fpr": 60.138461538461534,
            "tnr": 39.861538461538466,
            "fnr": 39.69230769230769
        }
    }
}