{
    "train": {
        "confusion_matrix": {
            "tp": 4860.2,
            "fp": 4664.6,
            "tn": 3335.4,
            "fn": 3139.8
        },
        "ratios": {
            "tpr": 60.75250000000001,
            "fpr": 58.30749999999999,
            "tnr": 41.6925,
            "fnr": 39.2475
        }
    },
    "test": {
        "confusion_matrix": {
            "tp": 960.7,
            "fp": 944.1,
            "tn": 655.9,
            "fn": 639.3
        },
        "ratios": {
            "tpr": 60.04375,
            "fpr": 59.00625,
            "tnr": 40.99375,
            "fnr": 39.95625
        }
    }
}