{
    "train": {
        "confusion_matrix": {
            "tp": 3423.2,
            "fp": 3275.5,
            "tn": 2724.5,
            "fn": 2576.8
        },
        "ratios": {
            "tpr": 57.05333333333333,
            "fpr": 54.59166666666666,
            "tnr": 45.40833333333334,
            "fnr": 42.94666666666667
        }
    },
    "test": {
        "confusion_matrix": {
            "tp": 681.7,
            "fp": 669.3,
            "tn": 530.7,
            "fn": 518.3
        },
        "ratios": {
            "tpr": 56.80833333333332,
            "fpr": 55.775,
            "tnr": 44.224999999999994,
            "fnr": 43.19166666666667
        }
    }
}