{
    "train": {
        "confusion_matrix": {
            "tp": 2699.5,
            "fp": 2569.6,
            "tn": 1930.4,
            "fn": 1800.5
        },
        "ratios": {
            "tpr": 59.98888888888888,
            "fpr": 57.10222222222221,
            "tnr": 42.897777777777776,
            "fnr": 40.011111111111106
        }
    },
    "test": {
        "confusion_matrix": {
            "tp": 529.1,
            "fp": 522.8,
            "tn": 377.2,
            "fn": 370.9
        },
        "ratios": {
            "tpr": 58.788888888888906,
            "fpr": 58.08888888888888,
            "tnr": 41.91111111111111,
            "fnr": 41.211111111111116
        }
    }
}