{
    "train": {
        "confusion_matrix": {
            "tp": 730.5,
            "fp": 672.7,
            "tn": 827.3,
            "fn": 769.5
        },
        "ratios": {
            "tpr": 48.7,
            "fpr": 44.84666666666668,
            "tnr": 55.15333333333333,
            "fnr": 51.3
        }
    },
    "test": {
        "confusion_matrix": {
            "tp": 141.0,
            "fp": 138.1,
            "tn": 161.9,
            "fn": 159.0
        },
        "ratios": {
            "tpr": 47.00000000000001,
            "fpr": 46.03333333333333,
            "tnr": 53.96666666666666,
            "fnr": 53.0
        }
    }
}