{
    "train": {
        "confusion_matrix": {
            "tp": 2960.7,
            "fp": 2829.2,
            "tn": 2170.8,
            "fn": 2039.3
        },
        "ratios": {
            "tpr": 59.214,
            "fpr": 56.58399999999999,
            "tnr": 43.416,
            "fnr": 40.786
        }
    },
    "test": {
        "confusion_matrix": {
            "tp": 579.4,
            "fp": 572.9,
            "tn": 427.1,
            "fn": 420.6
        },
        "ratios": {
            "tpr": 57.94,
            "fpr": 57.290000000000006,
            "tnr": 42.709999999999994,
            "fnr": 42.06
        }
    }
}