{
    "train": {
        "confusion_matrix": {
            "tp": 1064.1,
            "fp": 986.1,
            "tn": 1013.9,
            "fn": 935.9
        },
        "ratios": {
            "tpr": 53.205,
            "fpr": 49.305,
            "tnr": 50.69499999999999,
            "fnr": 46.794999999999995
        }
    },
    "test": {
        "confusion_matrix": {
            "tp": 198.1,
            "fp": 205.9,
            "tn": 194.1,
            "fn": 201.9
        },
        "ratios": {
            "tpr": 49.525,
            "fpr": 51.475,
            "tnr": 48.525,
            "fnr": 50.475
        }
    }
}