{
    "train": {
        "confusion_matrix": {
            "tp": 4307.9,
            "fp": 4114.4,
            "tn": 2885.6,
            "fn": 2692.1
        },
        "ratios": {
            "tpr": 61.54142857142857,
            "fpr": 58.77714285714287,
            "tnr": 41.22285714285715,
            "fnr": 38.45857142857143
        }
    },
    "test": {
        "confusion_matrix": {
            "tp": 848.7,
            "fp": 833.4,
            "tn": 566.6,
            "fn": 551.3
        },
        "ratios": {
            "tpr": 60.62142857142857,
            "fpr": 59.52857142857143,
            "tnr": 40.471428571428575,
            "fnr": 39.37857142857143
        }
    }
}