{
    "train": {
        "confusion_matrix": {
            "tp": 1896.7,
            "fp": 1770.6,
            "tn": 1729.4,
            "fn": 1603.3
        },
        "ratios": {
            "tpr": 54.191428571428574,
            "fpr": 50.588571428571434,
            "tnr": 49.411428571428566,
            "fnr": 45.808571428571426
        }
    },
    "test": {
        "confusion_matrix": {
            "tp": 364.3,
            "fp": 362.1,
            "tn": 337.9,
            "fn": 335.7
        },
        "ratios": {
            "tpr": 52.04285714285713,
            "fpr": 51.728571428571435,
            "tnr": 48.271428571428565,
            "fnr": 47.957142857142856
        }
    }
}