{
    "train": {
        "confusion_matrix": {
            "tp": 3067.0,
            "fp": 2920.0,
            "tn": 2580.0,
            "fn": 2433.0
        },
        "ratios": {
            "tpr": 55.763636363636365,
            "fpr": 53.0909090909091,
            "tnr": 46.90909090909091,
            "fnr": 44.236363636363635
        }
    },
    "test": {
        "confusion_matrix": {
            "tp": 611.7,
            "fp": 598.9,
            "tn": 501.1,
            "fn": 488.3
        },
        "ratios": {
            "tpr": 55.60909090909091,
            "fpr": 54.44545454545455,
            "tnr": 45.554545454545455,
            "fnr": 44.39090909090909
        }
    }
}