{
    "train": {
        "confusion_matrix": {
            "tp": 4443.5,
            "fp": 4263.8,
            "tn": 3236.2,
            "fn": 3056.5
        },
        "ratios": {
            "tpr": 59.246666666666655,
            "fpr": 56.850666666666676,
            "tnr": 43.14933333333333,
            "fnr": 40.75333333333334
        }
    },
    "test": {
        "confusion_matrix": {
            "tp": 867.3,
            "fp": 860.9,
            "tn": 639.1,
            "fn": 632.7
        },
        "ratios": {
            "tpr": 57.82000000000001,
            "fpr": 57.39333333333333,
            "tnr": 42.60666666666667,
            "fnr": 42.18
        }
    }
}