{
    "train": {
        "confusion_matrix": {
            "tp": 2235.3,
            "fp": 2098.9,
            "tn": 1901.1,
            "fn": 1764.7
        },
        "ratios": {
            "tpr": 55.88250000000001,
            "fpr": 52.472500000000004,
            "tnr": 47.527499999999996,
            "fnr": 44.1175
        }
    },
    "test": {
        "confusion_matrix": {
            "tp": 434.0,
            "fp": 426.5,
            "tn": 373.5,
            "fn": 366.0
        },
        "ratios": {
            "tpr": 54.25,
            "fpr": 53.3125,
            "tnr": 46.6875,
            "fnr": 45.75
        }
    }
}