{
    "train": {
        "confusion_matrix": {
            "tp": 266.1,
            "fp": 231.1,
            "tn": 268.9,
            "fn": 233.9
        },
        "ratios": {
            "tpr": 53.220000000000006,
            "fpr": 46.22,
            "tnr": 53.779999999999994,
            "fnr": 46.78
        }
    },
    "test": {
        "confusion_matrix": {
            "tp": 49.0,
            "fp": 51.5,
            "tn": 48.5,
            "fn": 51.0
        },
        "ratios": {
            "tpr": 49.0,
            "fpr": 51.5,
            "tnr": 48.5,
            "fnr": 51.0
        }
    }
}