{
    "train": {
        "confusion_matrix": {
            "tp": 1634.5,
            "fp": 1544.5,
            "tn": 1455.5,
            "fn": 1365.5
        },
        "ratios": {
            "tpr": 54.483333333333334,
            "fpr": 51.483333333333334,
            "tnr": 48.516666666666666,
            "fnr": 45.516666666666666
        }
    },
    "test": {
        "confusion_matrix": {
            "tp": 315.0,
            "fp": 314.4,
            "tn": 285.6,
            "fn": 285.0
        },
        "ratios": {
            "tpr": 52.5,
            "fpr": 52.4,
            "tnr": 47.60000000000001,
            "fnr": 47.49999999999999
        }
    }
}