{
    "train": {
        "confusion_matrix": {
            "tp": 1424.1,
            "fp": 1317.5,
            "tn": 1182.5,
            "fn": 1075.9
        },
        "ratios": {
            "tpr": 56.964,
            "fpr": 52.7,
            "tnr": 47.3,
            "fnr": 43.036
        }
    },
    "test": {
        "confusion_matrix": {
            "tp": 275.5,
            "fp": 272.3,
            "tn": 227.7,
            "fn": 224.5
        },
        "ratios": {
            "tpr": 55.1,
            "fpr": 54.46,
            "tnr": 45.540000000000006,
            "fnr": 44.900000000000006
        }
    }
}