{
    "train": {
        "confusion_matrix": {
            "tp": 2107,
            "fp": 1499,
            "tn": 1001,
            "fn": 393
        },
        "ratios": {
            "tpr": 84.28,
            "fpr": 59.96,
            "tnr": 40.04,
            "fnr": 15.72
        }
    },
    "test": {
        "confusion_matrix": {
            "tp": 2004,
            "fp": 1427,
            "tn": 948,
            "fn": 371
        },
        "ratios": {
            "tpr": 84.37894736842105,
            "fpr": 60.084210526315786,
            "tnr": 39.91578947368421,
            "fnr": 15.621052631578946
        }
    }
}