{
    "train": {
        "confusion_matrix": {
            "tp": 2313,
            "fp": 1725,
            "tn": 775,
            "fn": 187
        },
        "ratios": {
            "tpr": 92.52,
            "fpr": 69.0,
            "tnr": 31.0,
            "fnr": 7.48
        }
    },
    "test": {
        "confusion_matrix": {
            "tp": 2200,
            "fp": 1642,
            "tn": 733,
            "fn": 175
        },
        "ratios": {
            "tpr": 92.63157894736842,
            "fpr": 69.13684210526316,
            "tnr": 30.863157894736844,
            "fnr": 7.368421052631578
        }
    }
}